State,County Name,Median Home Price 2017
AL,Autauga County,142792
AL,Baldwin County,210870
AL,Barbour County,94248
AL,Bibb County,112903
AL,Blount County,130775
AL,Bullock County,70501
AL,Butler County,93720
AL,Calhoun County,127890
AL,Chambers County,91187
AL,Cherokee County,122743
AL,Chilton County,105519
AL,Choctaw County,72823
AL,Clarke County,98680
AL,Clay County,94248
AL,Cleburne County,117994
AL,Coffee County,155989
AL,Colbert County,111579
AL,Conecuh County,80316
AL,Coosa County,92137
AL,Covington County,101530
AL,Crenshaw County,81055
AL,Cullman County,130553
AL,Dale County,113984
AL,Dallas County,85277
AL,DeKalb County,120844
AL,Elmore County,158269
AL,Escambia County,99736
AL,Etowah County,120944
AL,Fayette County,87810
AL,Franklin County,92453
AL,Geneva County,93599
AL,Greene County,71073
AL,Hale County,93224
AL,Henry County,120037
AL,Houston County,147968
AL,Jackson County,110817
AL,Jefferson County,171442
AL,Lamar County,75461
AL,Lauderdale County,148909
AL,Lawrence County,101239
AL,Lee County,171163
AL,Limestone County,168090
AL,Lowndes County,62908
AL,Macon County,81372
AL,Madison County,193436
AL,Marengo County,92981
AL,Marion County,92031
AL,Marshall County,128337
AL,Mobile County,140453
AL,Monroe County,92876
AL,Montgomery County,128013
AL,Morgan County,146678
AL,Perry County,72928
AL,Pickens County,96886
AL,Pike County,115250
AL,Randolph County,89920
AL,Russell County,119847
AL,St. Clair County,155496
AL,Shelby County,221847
AL,Sumter County,73351
AL,Talladega County,108918
AL,Tallapoosa County,112928
AL,Tuscaloosa County,175740
AL,Walker County,111405
AL,Washington County,88548
AL,Wilcox County,86121
AL,Winston County,87493
AK,Aleutians East Borough,129491
AK,Aleutians West Census Area,247974
AK,Anchorage Municipality,321206
AK,Bethel Census Area,158463
AK,Bristol Bay Borough,193873
AK,Denali Borough,232813
AK,Dillingham Census Area,196780
AK,Fairbanks North Star Borough,243867
AK,Haines Borough,252439
AK,Juneau City and Borough,356281
AK,Kenai Peninsula Borough,243613
AK,Ketchikan Gateway Borough,275908
AK,Kodiak Island Borough,277984
AK,Lake and Peninsula Borough,123053
AK,Matanuska-Susitna Borough,254958
AK,Nome Census Area,148494
AK,North Slope Borough,159813
AK,Northwest Arctic Borough,151401
AK,Sitka City and Borough,364381
AK,Southeast Fairbanks Census Area,199065
AK,Valdez-Cordova Census Area,261889
AK,Yakutat City and Borough,192107
AK,Yukon-Koyukuk Census Area,83696
AZ,Apache County,51798
AZ,Cochise County,163155
AZ,Coconino County,297468
AZ,Gila County,161057
AZ,Graham County,129496
AZ,Greenlee County,91748
AZ,La Paz County,81158
AZ,Maricopa County,285478
AZ,Mohave County,179857
AZ,Navajo County,145644
AZ,Pima County,198125
AZ,Pinal County,200224
AZ,Santa Cruz County,145120
AZ,Yavapai County,292818
AZ,Yuma County,140704
AR,Arkansas County,83686
AR,Ashley County,71076
AR,Baxter County,129646
AR,Benton County,193647
AR,Boone County,121517
AR,Bradley County,77433
AR,Calhoun County,73994
AR,Carroll County,126206
AR,Chicot County,65657
AR,Clark County,99006
AR,Clay County,72952
AR,Cleburne County,132355
AR,Cleveland County,90337
AR,Columbia County,79413
AR,Conway County,102862
AR,Craighead County,141778
AR,Crawford County,120355
AR,Crittenden County,114774
AR,Cross County,82748
AR,Dallas County,67220
AR,Desha County,59091
AR,Drew County,97130
AR,Faulkner County,167462
AR,Franklin County,96926
AR,Fulton County,95150
AR,Garland County,147608
AR,Grant County,125191
AR,Greene County,115055
AR,Hempstead County,79413
AR,Hot Spring County,92649
AR,Howard County,98068
AR,Independence County,108802
AR,Izard County,82748
AR,Jackson County,63885
AR,Jefferson County,88887
AR,Johnson County,99423
AR,Lafayette County,68679
AR,Lawrence County,80351
AR,Lee County,69929
AR,Lincoln County,68478
AR,Little River County,75453
AR,Logan County,94212
AR,Lonoke County,145262
AR,Madison County,116403
AR,Marion County,122246
AR,Miller County,114110
AR,Mississippi County,84832
AR,Monroe County,56798
AR,Montgomery County,100986
AR,Nevada County,65344
AR,Newton County,95462
AR,Ouachita County,70763
AR,Perry County,100457
AR,Phillips County,69929
AR,Pike County,81914
AR,Poinsett County,80633
AR,Polk County,90773
AR,Pope County,131417
AR,Prairie County,68054
AR,Pulaski County,158440
AR,Randolph County,84937
AR,St. Francis County,64510
AR,Saline County,156210
AR,Scott County,72743
AR,Searcy County,93482
AR,Sebastian County,133407
AR,Sevier County,78579
AR,Sharp County,83269
AR,Stone County,111825
AR,Union County,83269
AR,Van Buren County,103070
AR,Washington County,184743
AR,White County,123393
AR,Woodruff County,66386
AR,Yell County,104529
CA,Alameda County,899885
CA,Alpine County,367098
CA,Amador County,297479
CA,Butte County,290347
CA,Calaveras County,291927
CA,Colusa County,238752
CA,Contra Costa County,740072
CA,Del Norte County,198498
CA,El Dorado County,518090
CA,Fresno County,270043
CA,Glenn County,229142
CA,Humboldt County,347237
CA,Imperial County,214933
CA,Inyo County,259574
CA,Kern County,219620
CA,Kings County,238412
CA,Lake County,224765
CA,Lassen County,189528
CA,Los Angeles County,647932
CA,Madera County,268724
CA,Marin County,1168353
CA,Mariposa County,277085
CA,Mendocino County,437677
CA,Merced County,284742
CA,Modoc County,152797
CA,Mono County,332822
CA,Monterey County,569751
CA,Napa County,677850
CA,Nevada County,466827
CA,Orange County,747758
CA,Placer County,514029
CA,Plumas County,244411
CA,Riverside County,388215
CA,Sacramento County,387826
CA,San Benito County,526295
CA,San Bernardino County,359487
CA,San Diego County,611062
CA,San Francisco County,1272168
CA,San Joaquin County,390423
CA,San Luis Obispo County,619565
CA,San Mateo County,1252580
CA,Santa Barbara County,606728
CA,Santa Clara County,1112008
CA,Santa Cruz County,844402
CA,Shasta County,266014
CA,Sierra County,167746
CA,Siskiyou County,188567
CA,Solano County,458583
CA,Sonoma County,694882
CA,Stanislaus County,322712
CA,Sutter County,307563
CA,Tehama County,204370
CA,Trinity County,305915
CA,Tulare County,222337
CA,Tuolumne County,292034
CA,Ventura County,623647
CA,Yolo County,472327
CA,Yuba County,279603
CO,Adams County,343531
CO,Alamosa County,170767
CO,Arapahoe County,408027
CO,Archuleta County,306018
CO,Baca County,89125
CO,Bent County,86780
CO,Boulder County,556326
CO,Broomfield County,464057
CO,Chaffee County,349799
CO,Cheyenne County,100517
CO,Clear Creek County,353111
CO,Conejos County,126316
CO,Costilla County,127545
CO,Crowley County,89013
CO,Custer County,277315
CO,Delta County,230295
CO,Denver County,440108
CO,Dolores County,136256
CO,Douglas County,522315
CO,Eagle County,526150
CO,Elbert County,423288
CO,El Paso County,307975
CO,Fremont County,178697
CO,Garfield County,361637
CO,Gilpin County,336068
CO,Grand County,318303
CO,Gunnison County,350580
CO,Hinsdale County,363424
CO,Huerfano County,153456
CO,Jackson County,191317
CO,Jefferson County,454589
CO,Kiowa County,92922
CO,Kit Carson County,145414
CO,Lake County,220690
CO,La Plata County,398382
CO,Larimer County,397354
CO,Las Animas County,162949
CO,Lincoln County,147536
CO,Logan County,166076
CO,Mesa County,252653
CO,Mineral County,311602
CO,Moffat County,188972
CO,Montezuma County,221025
CO,Montrose County,226163
CO,Morgan County,181935
CO,Otero County,102527
CO,Ouray County,469749
CO,Park County,292180
CO,Phillips County,148095
CO,Pitkin County,662964
CO,Prowers County,105431
CO,Pueblo County,187518
CO,Rio Blanco County,224488
CO,Rio Grande County,159710
CO,Routt County,514423
CO,Saguache County,167640
CO,San Juan County,300880
CO,San Miguel County,541674
CO,Sedgwick County,102192
CO,Summit County,611701
CO,Teller County,295633
CO,Washington County,134358
CO,Weld County,333103
CO,Yuma County,166188
CT,Fairfield County,435477
CT,Hartford County,248011
CT,Litchfield County,267324
CT,Middlesex County,289380
CT,New Haven County,251601
CT,New London County,242504
CT,Tolland County,250686
CT,Windham County,203646
DE,Kent County,230026
DE,New Castle County,276686
DC,District of Columbia,644349
FL,Alachua County,186443
FL,Baker County,134667
FL,Bay County,195367
FL,Bradford County,97983
FL,Brevard County,213006
FL,Broward County,287165
FL,Calhoun County,86614
FL,Charlotte County,210926
FL,Citrus County,139558
FL,Clay County,197607
FL,Collier County,384575
FL,Columbia County,157530
FL,DeSoto County,90620
FL,Dixie County,77520
FL,Duval County,206726
FL,Escambia County,158976
FL,Franklin County,146487
FL,Gadsden County,109867
FL,Gilchrist County,104516
FL,Glades County,86723
FL,Gulf County,163918
FL,Hamilton County,79577
FL,Hardee County,87914
FL,Hendry County,86290
FL,Hernando County,160168
FL,Highlands County,108485
FL,Hillsborough County,239746
FL,Holmes County,100040
FL,Indian River County,215361
FL,Jackson County,102746
FL,Jefferson County,142838
FL,Lafayette County,109784
FL,Lake County,206194
FL,Lee County,240634
FL,Leon County,218325
FL,Levy County,96034
FL,Liberty County,67559
FL,Madison County,94410
FL,Manatee County,254020
FL,Marion County,151718
FL,Martin County,313672
FL,Miami-Dade County,317347
FL,Monroe County,556173
FL,Nassau County,260215
FL,Okaloosa County,225885
FL,Okeechobee County,97333
FL,Orange County,260971
FL,Osceola County,220334
FL,Palm Beach County,311619
FL,Pasco County,181269
FL,Pinellas County,221451
FL,Polk County,170718
FL,Putnam County,93760
FL,St. Johns County,330940
FL,St. Lucie County,200737
FL,Santa Rosa County,213110
FL,Sarasota County,274763
FL,Seminole County,263198
FL,Sumter County,280414
FL,Suwannee County,100040
FL,Taylor County,91920
FL,Union County,96359
FL,Volusia County,192140
FL,Wakulla County,145007
FL,Walton County,246743
FL,Washington County,111191
GA,Appling County,76742
GA,Atkinson County,66524
GA,Bacon County,77912
GA,Baker County,79120
GA,Baldwin County,115804
GA,Banks County,137198
GA,Barrow County,175234
GA,Bartow County,185317
GA,Ben Hill County,86427
GA,Berrien County,92281
GA,Bibb County,124269
GA,Bleckley County,105160
GA,Brantley County,73725
GA,Brooks County,95123
GA,Bryan County,216891
GA,Bulloch County,144117
GA,Burke County,92306
GA,Butts County,136131
GA,Calhoun County,52154
GA,Camden County,164446
GA,Candler County,94304
GA,Carroll County,148792
GA,Catoosa County,148503
GA,Charlton County,87492
GA,Chatham County,206998
GA,Chattahoochee County,85366
GA,Chattooga County,72910
GA,Cherokee County,281337
GA,Clarke County,189477
GA,Clay County,63756
GA,Clayton County,115963
GA,Clinch County,67162
GA,Cobb County,284923
GA,Coffee County,93239
GA,Colquitt County,89940
GA,Columbia County,214491
GA,Cook County,93452
GA,Coweta County,239546
GA,Crawford County,98759
GA,Crisp County,89301
GA,Dade County,131919
GA,Dawson County,226661
GA,Decatur County,116869
GA,DeKalb County,223860
GA,Dodge County,78125
GA,Dooly County,88556
GA,Dougherty County,100916
GA,Douglas County,180724
GA,Early County,88024
GA,Echols County,58680
GA,Effingham County,167212
GA,Elbert County,87066
GA,Emanuel County,83554
GA,Evans County,88982
GA,Fannin County,182541
GA,Fayette County,314390
GA,Floyd County,145615
GA,Forsyth County,391587
GA,Franklin County,108141
GA,Fulton County,343072
GA,Gilmer County,172855
GA,Glascock County,70887
GA,Glynn County,184528
GA,Gordon County,127193
GA,Grady County,117614
GA,Greene County,187117
GA,Gwinnett County,246492
GA,Habersham County,146032
GA,Hall County,212437
GA,Hancock County,70355
GA,Haralson County,131089
GA,Harris County,203541
GA,Hart County,139646
GA,Heard County,112602
GA,Henry County,190023
GA,Houston County,135862
GA,Irwin County,86427
GA,Jackson County,198506
GA,Jasper County,134114
GA,Jeff Davis County,82915
GA,Jefferson County,73655
GA,Jenkins County,62905
GA,Johnson County,68333
GA,Jones County,132102
GA,Lamar County,148344
GA,Lanier County,105006
GA,Laurens County,90472
GA,Lee County,156051
GA,Liberty County,121468
GA,Lincoln County,123042
GA,Long County,118444
GA,Lowndes County,137434
GA,Lumpkin County,187650
GA,McDuffie County,109380
GA,McIntosh County,121830
GA,Macon County,65246
GA,Madison County,137719
GA,Marion County,90172
GA,Meriwether County,102294
GA,Miller County,94197
GA,Mitchell County,87811
GA,Monroe County,169256
GA,Montgomery County,81425
GA,Morgan County,221603
GA,Murray County,101638
GA,Muscogee County,145237
GA,Newton County,166382
GA,Oconee County,285404
GA,Oglethorpe County,126620
GA,Paulding County,190919
GA,Peach County,134111
GA,Pickens County,208062
GA,Pierce County,105373
GA,Pike County,181508
GA,Polk County,112398
GA,Pulaski County,118252
GA,Putnam County,179560
GA,Quitman County,71739
GA,Rabun County,167959
GA,Randolph County,71633
GA,Richmond County,108633
GA,Rockdale County,174561
GA,Schley County,100903
GA,Screven County,83979
GA,Seminole County,82170
GA,Spalding County,133442
GA,Stephens County,104841
GA,Stewart County,55135
GA,Sumter County,87918
GA,Talbot County,86427
GA,Taliaferro County,62905
GA,Tattnall County,93772
GA,Taylor County,70036
GA,Telfair County,59179
GA,Terrell County,88177
GA,Thomas County,139859
GA,Tift County,119423
GA,Toombs County,103777
GA,Towns County,210640
GA,Treutlen County,75571
GA,Troup County,149226
GA,Turner County,77380
GA,Twiggs County,60335
GA,Union County,204147
GA,Upson County,90366
GA,Walker County,129765
GA,Walton County,209855
GA,Ware County,83554
GA,Warren County,66311
GA,Washington County,87705
GA,Wayne County,114208
GA,Webster County,60882
GA,Wheeler County,49813
GA,White County,168065
GA,Whitfield County,146749
GA,Wilcox County,74293
GA,Wilkes County,88769
GA,Wilkinson County,73548
GA,Worth County,85191
HI,Hawaii County,375676
HI,Honolulu County,709056
HI,Kauai County,610800
HI,Maui County,698944
ID,Ada County,306780
ID,Adams County,183250
ID,Bannock County,174426
ID,Bear Lake County,156396
ID,Benewah County,165971
ID,Bingham County,162229
ID,Blaine County,429565
ID,Boise County,221470
ID,Bonner County,245104
ID,Bonneville County,193546
ID,Boundary County,199539
ID,Butte County,121837
ID,Camas County,190734
ID,Canyon County,212138
ID,Caribou County,143739
ID,Cassia County,150672
ID,Clark County,108629
ID,Clearwater County,147921
ID,Custer County,190734
ID,Elmore County,159807
ID,Franklin County,183802
ID,Fremont County,173565
ID,Gem County,178038
ID,Gooding County,147921
ID,Idaho County,181159
ID,Jefferson County,188224
ID,Jerome County,158927
ID,Kootenai County,304918
ID,Latah County,228045
ID,Lemhi County,190844
ID,Lewis County,132072
ID,Lincoln County,139997
ID,Madison County,209665
ID,Minidoka County,134053
ID,Nez Perce County,187292
ID,Oneida County,166851
ID,Owyhee County,150399
ID,Payette County,152874
ID,Power County,147412
ID,Shoshone County,129321
ID,Teton County,320935
ID,Twin Falls County,178628
ID,Valley County,283955
ID,Washington County,164100
IL,Adams County,130976
IL,Alexander County,54352
IL,Bond County,122300
IL,Boone County,156173
IL,Brown County,90518
IL,Bureau County,109113
IL,Calhoun County,117735
IL,Carroll County,101552
IL,Cass County,78463
IL,Champaign County,176498
IL,Christian County,89395
IL,Clark County,89293
IL,Clay County,78872
IL,Clinton County,151707
IL,Coles County,95831
IL,Cook County,260542
IL,Crawford County,84695
IL,Cumberland County,96035
IL,DeKalb County,178675
IL,De Witt County,100122
IL,Douglas County,104924
IL,DuPage County,324941
IL,Edgar County,81732
IL,Edwards County,75092
IL,Effingham County,140273
IL,Fayette County,85819
IL,Ford County,104939
IL,Franklin County,71414
IL,Fulton County,86636
IL,Gallatin County,73048
IL,Greene County,78565
IL,Grundy County,198142
IL,Hamilton County,93481
IL,Hancock County,86943
IL,Hardin County,64568
IL,Henderson County,90008
IL,Henry County,119651
IL,Iroquois County,98896
IL,Jackson County,110952
IL,Jasper County,101144
IL,Jefferson County,94707
IL,Jersey County,143745
IL,Jo Daviess County,146403
IL,Johnson County,98692
IL,Kane County,249599
IL,Kankakee County,161670
IL,Kendall County,251703
IL,Knox County,83469
IL,Lake County,276326
IL,LaSalle County,138230
IL,Lawrence County,73968
IL,Lee County,119023
IL,Livingston County,111871
IL,Logan County,103493
IL,McDonough County,96648
IL,McHenry County,239812
IL,McLean County,167069
IL,Macon County,96003
IL,Macoupin County,104464
IL,Madison County,139710
IL,Marion County,73457
IL,Marshall County,101865
IL,Mason County,82754
IL,Massac County,84286
IL,Menard County,134724
IL,Mercer County,108595
IL,Monroe County,207549
IL,Montgomery County,82754
IL,Morgan County,105639
IL,Moultrie County,109828
IL,Ogle County,142929
IL,Peoria County,129082
IL,Perry County,82243
IL,Piatt County,133625
IL,Pike County,76318
IL,Pope County,85921
IL,Pulaski County,64875
IL,Putnam County,123416
IL,Randolph County,102063
IL,Richland County,85002
IL,Rock Island County,121200
IL,St. Clair County,136419
IL,Saline County,72027
IL,Sangamon County,142452
IL,Schuyler County,85206
IL,Scott County,89395
IL,Shelby County,88680
IL,Stark County,84411
IL,Stephenson County,99816
IL,Tazewell County,138450
IL,Union County,100735
IL,Vermilion County,76440
IL,Wabash County,80711
IL,Warren County,85717
IL,Washington County,110441
IL,Wayne County,80302
IL,White County,71209
IL,Whiteside County,104413
IL,Will County,242338
IL,Williamson County,129341
IL,Winnebago County,126804
IL,Woodford County,158073
IN,Adams County,127800
IN,Allen County,147076
IN,Bartholomew County,156045
IN,Benton County,92669
IN,Blackford County,73628
IN,Boone County,242963
IN,Brown County,191651
IN,Carroll County,135456
IN,Cass County,90395
IN,Clark County,147272
IN,Clay County,104076
IN,Clinton County,111462
IN,Crawford County,93190
IN,Daviess County,124038
IN,Dearborn County,173457
IN,Decatur County,130917
IN,DeKalb County,122104
IN,Delaware County,100461
IN,Dubois County,156929
IN,Elkhart County,154876
IN,Fayette County,87493
IN,Floyd County,183232
IN,Fountain County,100499
IN,Franklin County,164181
IN,Fulton County,100606
IN,Gibson County,111515
IN,Grant County,107056
IN,Greene County,107027
IN,Hamilton County,292191
IN,Hancock County,175972
IN,Harrison County,146414
IN,Hendricks County,204698
IN,Henry County,101896
IN,Howard County,108941
IN,Huntington County,110388
IN,Jackson County,123178
IN,Jasper County,161208
IN,Jay County,91363
IN,Jefferson County,128983
IN,Jennings County,107378
IN,Johnson County,180577
IN,Knox County,93727
IN,Kosciusko County,166495
IN,LaGrange County,185412
IN,Lake County,154894
IN,LaPorte County,139943
IN,Lawrence County,117374
IN,Marion County,150646
IN,Marshall County,139839
IN,Martin County,105228
IN,Miami County,91900
IN,Monroe County,191734
IN,Montgomery County,127263
IN,Morgan County,179371
IN,Newton County,118380
IN,Noble County,123071
IN,Ohio County,153609
IN,Orange County,97167
IN,Owen County,122986
IN,Parke County,93190
IN,Perry County,110710
IN,Pike County,95985
IN,Porter County,199721
IN,Posey County,146437
IN,Pulaski County,99532
IN,Putnam County,131897
IN,Randolph County,85451
IN,Ripley County,149942
IN,Rush County,107485
IN,St. Joseph County,140149
IN,Scott County,106196
IN,Shelby County,137379
IN,Spencer County,126725
IN,Starke County,109205
IN,Steuben County,146503
IN,Sullivan County,87705
IN,Switzerland County,122856
IN,Tippecanoe County,163508
IN,Tipton County,121991
IN,Union County,118127
IN,Vanderburgh County,138946
IN,Vermillion County,80875
IN,Vigo County,101799
IN,Wabash County,103938
IN,Warren County,120921
IN,Warrick County,166798
IN,Washington County,113997
IN,Wayne County,113827
IN,Wells County,133705
IN,White County,113720
IN,Whitley County,145418
IA,Adair County,98435
IA,Adams County,89668
IA,Allamakee County,129697
IA,Appanoose County,82381
IA,Audubon County,72664
IA,Benton County,155504
IA,Black Hawk County,162020
IA,Boone County,137830
IA,Bremer County,163922
IA,Buchanan County,139942
IA,Buena Vista County,117340
IA,Butler County,118396
IA,Calhoun County,82170
IA,Carroll County,134556
IA,Cass County,98857
IA,Cedar County,151877
IA,Cerro Gordo County,128324
IA,Cherokee County,94210
IA,Chickasaw County,111003
IA,Clarke County,110897
IA,Clay County,122198
IA,Clayton County,123043
IA,Clinton County,118713
IA,Crawford County,98646
IA,Dallas County,258355
IA,Davis County,115228
IA,Decatur County,80585
IA,Delaware County,133077
IA,Des Moines County,107095
IA,Dickinson County,185780
IA,Dubuque County,176332
IA,Emmet County,90513
IA,Fayette County,95900
IA,Floyd County,108151
IA,Franklin County,91992
IA,Fremont County,105828
IA,Greene County,93893
IA,Grundy County,137289
IA,Guthrie County,119568
IA,Hamilton County,104455
IA,Hancock County,103082
IA,Hardin County,96428
IA,Harrison County,116842
IA,Henry County,113960
IA,Howard County,113749
IA,Humboldt County,99174
IA,Ida County,97062
IA,Iowa County,151982
IA,Jackson County,123571
IA,Jasper County,129697
IA,Jefferson County,120720
IA,Johnson County,240534
IA,Jones County,137513
IA,Keokuk County,88401
IA,Kossuth County,110158
IA,Lee County,95266
IA,Linn County,165815
IA,Louisa County,110052
IA,Lucas County,89668
IA,Lyon County,132232
IA,Madison County,170325
IA,Mahaska County,116284
IA,Marion County,155151
IA,Marshall County,110475
IA,Mills County,170485
IA,Mitchell County,118607
IA,Monona County,89035
IA,Monroe County,104666
IA,Montgomery County,86394
IA,Muscatine County,135295
IA,O'Brien County,114066
IA,Osceola County,94527
IA,Page County,92520
IA,Palo Alto County,103610
IA,Plymouth County,158636
IA,Pocahontas County,77523
IA,Polk County,191881
IA,Pottawattamie County,153653
IA,Poweshiek County,138463
IA,Ringgold County,84071
IA,Sac County,93048
IA,Scott County,164080
IA,Shelby County,117974
IA,Sioux County,162438
IA,Story County,208201
IA,Tama County,111214
IA,Taylor County,80374
IA,Union County,99596
IA,Van Buren County,87345
IA,Wapello County,85549
IA,Warren County,182006
IA,Washington County,149165
IA,Wayne County,78896
IA,Webster County,100653
IA,Winnebago County,99702
IA,Winneshiek County,170571
IA,Woodbury County,132455
IA,Worth County,103504
IA,Wright County,83648
KS,Allen County,81121
KS,Anderson County,91028
KS,Atchison County,95879
KS,Barber County,78024
KS,Barton County,90409
KS,Bourbon County,85249
KS,Brown County,86591
KS,Butler County,163168
KS,Chase County,87932
KS,Chautauqua County,65330
KS,Cherokee County,80914
KS,Cheyenne County,89377
KS,Clark County,78850
KS,Clay County,103413
KS,Cloud County,75547
KS,Coffey County,114560
KS,Comanche County,75547
KS,Cowley County,88448
KS,Crawford County,90100
KS,Decatur County,65433
KS,Dickinson County,114250
KS,Doniphan County,106624
KS,Douglas County,224812
KS,Edwards County,63163
KS,Elk County,49849
KS,Ellis County,164512
KS,Ellsworth County,91338
KS,Finney County,130247
KS,Ford County,111876
KS,Franklin County,133760
KS,Geary County,146955
KS,Gove County,81430
KS,Graham County,71832
KS,Grant County,106097
KS,Gray County,121681
KS,Greeley County,88861
KS,Greenwood County,63059
KS,Hamilton County,89584
KS,Harper County,68839
KS,Harvey County,127854
KS,Haskell County,105890
KS,Hodgeman County,89480
KS,Jackson County,134007
KS,Jefferson County,142062
KS,Jewell County,55422
KS,Johnson County,280489
KS,Kearny County,101349
KS,Kingman County,95157
KS,Kiowa County,138091
KS,Labette County,77302
KS,Lane County,78850
KS,Leavenworth County,195199
KS,Lincoln County,71110
KS,Linn County,98259
KS,Logan County,85765
KS,Lyon County,101659
KS,McPherson County,144799
KS,Marion County,83907
KS,Marshall County,96395
KS,Meade County,91544
KS,Miami County,199046
KS,Mitchell County,88448
KS,Montgomery County,76373
KS,Morris County,98150
KS,Morton County,100833
KS,Nemaha County,120236
KS,Neosho County,79779
KS,Ness County,72761
KS,Norton County,76063
KS,Osage County,112143
KS,Osborne County,63266
KS,Ottawa County,101762
KS,Pawnee County,78024
KS,Phillips County,79366
KS,Pottawatomie County,175331
KS,Pratt County,90409
KS,Rawlins County,84320
KS,Reno County,99698
KS,Republic County,62440
KS,Rice County,77199
KS,Riley County,208057
KS,Rooks County,77818
KS,Rush County,72142
KS,Russell County,92989
KS,Saline County,129421
KS,Scott County,140258
KS,Sedgwick County,150616
KS,Seward County,101659
KS,Shawnee County,137145
KS,Sheridan County,104239
KS,Sherman County,89068
KS,Smith County,68323
KS,Stafford County,63782
KS,Stanton County,74206
KS,Stevens County,113528
KS,Sumner County,92327
KS,Thomas County,117656
KS,Trego County,87107
KS,Wabaunsee County,117060
KS,Wallace County,91132
KS,Washington County,77715
KS,Wichita County,86694
KS,Wilson County,68839
KS,Woodson County,54906
KS,Wyandotte County,119142
KY,Adair County,90555
KY,Allen County,108054
KY,Anderson County,146111
KY,Ballard County,108160
KY,Barren County,116382
KY,Bath County,82121
KY,Bell County,62619
KY,Boone County,206574
KY,Bourbon County,156812
KY,Boyd County,105328
KY,Boyle County,148746
KY,Bracken County,110353
KY,Breathitt County,52709
KY,Breckinridge County,100359
KY,Bullitt County,176684
KY,Butler County,95299
KY,Caldwell County,100464
KY,Calloway County,137150
KY,Campbell County,194708
KY,Carlisle County,94034
KY,Carroll County,109425
KY,Carter County,87814
KY,Casey County,81805
KY,Christian County,136786
KY,Clark County,150644
KY,Clay County,58613
KY,Clinton County,69682
KY,Crittenden County,89184
KY,Cumberland County,95193
KY,Daviess County,144685
KY,Edmonson County,92601
KY,Elliott County,76640
KY,Estill County,74847
KY,Fayette County,208975
KY,Fleming County,94772
KY,Floyd County,76850
KY,Franklin County,146848
KY,Fulton County,67046
KY,Gallatin County,118551
KY,Garrard County,138099
KY,Grant County,129122
KY,Graves County,100780
KY,Grayson County,107738
KY,Green County,79907
KY,Greenup County,104720
KY,Hancock County,115896
KY,Hardin County,158752
KY,Harlan County,56399
KY,Harrison County,140102
KY,Hart County,95088
KY,Henderson County,124492
KY,Henry County,135357
KY,Hickman County,74004
KY,Hopkins County,101835
KY,Jackson County,73688
KY,Jefferson County,187203
KY,Jessamine County,177807
KY,Johnson County,95193
KY,Kenton County,171732
KY,Knott County,54818
KY,Knox County,81067
KY,Larue County,112659
KY,Laurel County,107527
KY,Lawrence County,84757
KY,Lee County,67679
KY,Leslie County,51550
KY,Letcher County,61670
KY,Lewis County,72001
KY,Lincoln County,101308
KY,Livingston County,95720
KY,Logan County,111111
KY,Lyon County,129560
KY,McCracken County,156442
KY,McCreary County,64622
KY,McLean County,102830
KY,Madison County,168354
KY,Magoffin County,66730
KY,Marion County,105841
KY,Marshall County,124500
KY,Martin County,69049
KY,Mason County,117226
KY,Meade County,151137
KY,Menifee County,82016
KY,Mercer County,147481
KY,Metcalfe County,79275
KY,Monroe County,78537
KY,Montgomery County,124605
KY,Morgan County,81700
KY,Muhlenberg County,86443
KY,Nelson County,155430
KY,Nicholas County,86549
KY,Ohio County,93085
KY,Oldham County,308928
KY,Owen County,104470
KY,Owsley County,73793
KY,Pendleton County,114775
KY,Perry County,77272
KY,Pike County,79486
KY,Powell County,84124
KY,Pulaski County,115012
KY,Robertson County,99621
KY,Rockcastle County,85178
KY,Rowan County,127662
KY,Russell County,92031
KY,Scott County,184841
KY,Shelby County,198474
KY,Simpson County,137572
KY,Spencer County,204915
KY,Taylor County,112482
KY,Todd County,99937
KY,Trigg County,133110
KY,Trimble County,118612
KY,Union County,87603
KY,Warren County,177121
KY,Washington County,111322
KY,Wayne County,85811
KY,Webster County,85245
KY,Whitley County,88341
KY,Wolfe County,69260
KY,Woodford County,203672
LA,Acadia Parish,100856
LA,Allen Parish,87719
LA,Ascension Parish,220203
LA,Assumption Parish,118544
LA,Avoyelles Parish,93718
LA,Beauregard Parish,119165
LA,Bienville Parish,78616
LA,Bossier Parish,170265
LA,Caddo Parish,148882
LA,Calcasieu Parish,175572
LA,Caldwell Parish,70134
LA,Cameron Parish,117365
LA,Catahoula Parish,81409
LA,Claiborne Parish,76650
LA,Concordia Parish,81202
LA,De Soto Parish,109913
LA,East Baton Rouge Parish,199540
LA,East Carroll Parish,70547
LA,East Feliciana Parish,129513
LA,Evangeline Parish,93098
LA,Franklin Parish,86064
LA,Grant Parish,95302
LA,Iberia Parish,126820
LA,Iberville Parish,133061
LA,Jackson Parish,87305
LA,Jefferson Parish,191973
LA,Jefferson Davis Parish,105304
LA,Lafayette Parish,189276
LA,Lafourche Parish,156766
LA,LaSalle Parish,79340
LA,Lincoln Parish,150922
LA,Livingston Parish,170318
LA,Madison Parish,66306
LA,Morehouse Parish,87822
LA,Natchitoches Parish,118027
LA,Orleans Parish,237027
LA,Ouachita Parish,158589
LA,Plaquemines Parish,172620
LA,Pointe Coupee Parish,129930
LA,Rapides Parish,144785
LA,Red River Parish,88857
LA,Richland Parish,89891
LA,Sabine Parish,87098
LA,St. Bernard Parish,144838
LA,St. Charles Parish,193326
LA,St. Helena Parish,80776
LA,St. James Parish,141095
LA,St. John the Baptist Parish,158989
LA,St. Landry Parish,112855
LA,St. Martin Parish,114975
LA,St. Mary Parish,100339
LA,St. Tammany Parish,222980
LA,Tangipahoa Parish,162921
LA,Tensas Parish,64341
LA,Terrebonne Parish,151454
LA,Union Parish,92973
LA,Vermilion Parish,109338
LA,Vernon Parish,120613
LA,Washington Parish,87512
LA,Webster Parish,84409
LA,West Baton Rouge Parish,184720
LA,West Carroll Parish,82133
LA,West Feliciana Parish,218742
LA,Winn Parish,75202
ME,Androscoggin County,165103
ME,Aroostook County,104510
ME,Cumberland County,294008
ME,Franklin County,141036
ME,Hancock County,214504
ME,Kennebec County,168768
ME,Knox County,206536
ME,Lincoln County,219263
ME,Oxford County,141968
ME,Penobscot County,143831
ME,Piscataquis County,120134
ME,Sagadahoc County,214430
ME,Somerset County,111753
ME,Waldo County,165353
ME,Washington County,113822
ME,York County,266694
MD,Allegany County,113677
MD,Anne Arundel County,375376
MD,Baltimore County,270641
MD,Calvert County,377143
MD,Caroline County,212183
MD,Carroll County,350885
MD,Cecil County,253944
MD,Charles County,337455
MD,Dorchester County,189088
MD,Frederick County,354540
MD,Garrett County,176222
MD,Harford County,304823
MD,Howard County,463227
MD,Kent County,250359
MD,Montgomery County,507032
MD,Prince George's County,318036
MD,Queen Anne's County,357659
MD,St. Mary's County,310049
MD,Somerset County,136400
MD,Talbot County,344112
MD,Washington County,234256
MD,Wicomico County,174301
MD,Worcester County,265862
MD,Baltimore city,160905
MA,Barnstable County,436005
MA,Bristol County,327444
MA,Dukes County,709166
MA,Essex County,436610
MA,Hampden County,223466
MA,Middlesex County,550958
MA,Nantucket County,1046929
MA,Norfolk County,509719
MA,Plymouth County,396341
MA,Suffolk County,535130
MA,Worcester County,304539
MI,Alcona County,103715
MI,Alger County,128563
MI,Allegan County,172858
MI,Alpena County,101554
MI,Antrim County,163675
MI,Arenac County,96044
MI,Baraga County,100582
MI,Barry County,161183
MI,Bay County,111250
MI,Benzie County,175235
MI,Berrien County,163185
MI,Branch County,105551
MI,Calhoun County,123882
MI,Cass County,141256
MI,Charlevoix County,171561
MI,Cheboygan County,126294
MI,Chippewa County,120028
MI,Clare County,91831
MI,Clinton County,192958
MI,Crawford County,99285
MI,Delta County,114410
MI,Dickinson County,99501
MI,Eaton County,169968
MI,Emmet County,184850
MI,Genesee County,120969
MI,Gladwin County,108576
MI,Gogebic County,75733
MI,Grand Traverse County,213912
MI,Gratiot County,99501
MI,Hillsdale County,114086
MI,Houghton County,110629
MI,Huron County,103931
MI,Ingham County,146434
MI,Ionia County,128902
MI,Iosco County,96152
MI,Iron County,82864
MI,Isabella County,147037
MI,Jackson County,143156
MI,Kalamazoo County,172856
MI,Kalkaska County,113762
MI,Kent County,191591
MI,Keweenaw County,103499
MI,Lake County,87293
MI,Lapeer County,182073
MI,Leelanau County,268902
MI,Lenawee County,153195
MI,Livingston County,278927
MI,Luce County,89886
MI,Mackinac County,135153
MI,Macomb County,184511
MI,Manistee County,125538
MI,Marquette County,167348
MI,Mason County,136774
MI,Mecosta County,123918
MI,Menominee County,103607
MI,Midland County,151467
MI,Missaukee County,115707
MI,Monroe County,180159
MI,Montcalm County,109117
MI,Montmorency County,101338
MI,Muskegon County,132993
MI,Newaygo County,115131
MI,Oakland County,270172
MI,Oceana County,114842
MI,Ogemaw County,96800
MI,Ontonagon County,75085
MI,Osceola County,98745
MI,Oscoda County,90102
MI,Otsego County,134073
MI,Presque Isle County,105659
MI,Roscommon County,101554
MI,Saginaw County,112807
MI,St. Clair County,171656
MI,St. Joseph County,120136
MI,Sanilac County,109441
MI,Schoolcraft County,113438
MI,Shiawassee County,143904
MI,Tuscola County,106740
MI,Van Buren County,148536
MI,Washtenaw County,285608
MI,Wayne County,126775
MI,Wexford County,104255
MN,Aitkin County,182360
MN,Anoka County,250984
MN,Becker County,196147
MN,Beltrami County,164910
MN,Benton County,174914
MN,Big Stone County,104483
MN,Blue Earth County,199997
MN,Brown County,145737
MN,Carlton County,173220
MN,Carver County,344435
MN,Cass County,192485
MN,Chippewa County,112561
MN,Chisago County,225329
MN,Clay County,176986
MN,Clearwater County,132273
MN,Cook County,260022
MN,Cottonwood County,96296
MN,Crow Wing County,202610
MN,Dakota County,290395
MN,Dodge County,180398
MN,Douglas County,212412
MN,Faribault County,93173
MN,Fillmore County,159740
MN,Freeborn County,113208
MN,Goodhue County,206165
MN,Grant County,112992
MN,Hennepin County,300111
MN,Houston County,175144
MN,Hubbard County,196794
MN,Isanti County,188757
MN,Itasca County,168142
MN,Jackson County,122902
MN,Kanabec County,158555
MN,Kandiyohi County,179883
MN,Kittson County,77339
MN,Koochiching County,116654
MN,Lac qui Parle County,87356
MN,Lake County,178590
MN,Lake of the Woods County,138305
MN,Le Sueur County,205411
MN,Lincoln County,102652
MN,Lyon County,146383
MN,McLeod County,162002
MN,Mahnomen County,104806
MN,Marshall County,112561
MN,Martin County,121071
MN,Meeker County,174066
MN,Mille Lacs County,163079
MN,Morrison County,171373
MN,Mower County,123548
MN,Murray County,116008
MN,Nicollet County,191807
MN,Nobles County,127426
MN,Norman County,95327
MN,Olmsted County,241641
MN,Otter Tail County,184083
MN,Pennington County,143583
MN,Pine County,163295
MN,Pipestone County,98235
MN,Polk County,152758
MN,Pope County,176220
MN,Ramsey County,252295
MN,Red Lake County,115577
MN,Redwood County,104914
MN,Renville County,107822
MN,Rice County,221137
MN,Rock County,143906
MN,Roseau County,127641
MN,St. Louis County,167581
MN,Scott County,320090
MN,Sherburne County,267469
MN,Sibley County,153816
MN,Stearns County,191803
MN,Steele County,166203
MN,Stevens County,162433
MN,Swift County,109976
MN,Todd County,151877
MN,Traverse County,85956
MN,Wabasha County,179754
MN,Wadena County,128072
MN,Waseca County,159201
MN,Washington County,315068
MN,Watonwan County,101790
MN,Wilkin County,123225
MN,Winona County,170619
MN,Wright County,249893
MN,Yellow Medicine County,106745
MS,Adams County,93825
MS,Alcorn County,88968
MS,Amite County,80082
MS,Attala County,75122
MS,Benton County,72642
MS,Bolivar County,92068
MS,Calhoun County,68818
MS,Carroll County,93928
MS,Chickasaw County,65925
MS,Choctaw County,79772
MS,Claiborne County,63032
MS,Clarke County,74398
MS,Clay County,83905
MS,Coahoma County,64479
MS,Copiah County,95925
MS,Covington County,80185
MS,DeSoto County,185279
MS,Forrest County,137041
MS,Franklin County,77188
MS,Greene County,83388
MS,Grenada County,96305
MS,Hancock County,141809
MS,Harrison County,165728
MS,Hinds County,128957
MS,Holmes County,52285
MS,Humphreys County,66339
MS,Issaquena County,51872
MS,Itawamba County,89898
MS,Jasper County,69542
MS,Jefferson County,59002
MS,Jefferson Davis County,83285
MS,Jones County,89691
MS,Kemper County,73262
MS,Lafayette County,183206
MS,Lamar County,176658
MS,Lauderdale County,101264
MS,Lawrence County,92068
MS,Leake County,83491
MS,Lee County,136707
MS,Leflore County,78635
MS,Lincoln County,97958
MS,Lowndes County,127510
MS,Madison County,235722
MS,Marion County,81115
MS,Marshall County,101817
MS,Monroe County,90001
MS,Montgomery County,80495
MS,Neshoba County,83078
MS,Newton County,82975
MS,Noxubee County,59312
MS,Oktibbeha County,151277
MS,Panola County,76258
MS,Pearl River County,126994
MS,Perry County,84775
MS,Pike County,90415
MS,Pontotoc County,105501
MS,Prentiss County,93515
MS,Quitman County,53112
MS,Rankin County,163625
MS,Scott County,73882
MS,Sharkey County,52802
MS,Simpson County,88766
MS,Smith County,82355
MS,Stone County,121627
MS,Sunflower County,73985
MS,Tallahatchie County,65512
MS,Tate County,115962
MS,Tippah County,88865
MS,Tishomingo County,85455
MS,Tunica County,103653
MS,Union County,95581
MS,Walthall County,105294
MS,Warren County,118417
MS,Washington County,76878
MS,Wayne County,82768
MS,Webster County,79978
MS,Wilkinson County,62412
MS,Winston County,80185
MS,Yalobusha County,77705
MS,Yazoo County,81322
MO,Adair County,123689
MO,Andrew County,152607
MO,Atchison County,86172
MO,Audrain County,100674
MO,Barry County,118329
MO,Barton County,102461
MO,Bates County,119032
MO,Benton County,120431
MO,Bollinger County,104376
MO,Boone County,189193
MO,Buchanan County,132245
MO,Butler County,109922
MO,Caldwell County,113866
MO,Callaway County,138639
MO,Camden County,185270
MO,Cape Girardeau County,170163
MO,Carroll County,85962
MO,Carter County,95000
MO,Cass County,189154
MO,Cedar County,97417
MO,Chariton County,85437
MO,Christian County,171735
MO,Clark County,89325
MO,Clay County,193551
MO,Clinton County,156071
MO,Cole County,170133
MO,Cooper County,135458
MO,Crawford County,123255
MO,Dade County,79552
MO,Dallas County,113995
MO,Daviess County,106244
MO,DeKalb County,124860
MO,Dent County,112759
MO,Douglas County,106874
MO,Dunklin County,73036
MO,Franklin County,176018
MO,Gasconade County,129258
MO,Gentry County,89955
MO,Greene County,157088
MO,Grundy County,89430
MO,Harrison County,76504
MO,Henry County,96891
MO,Hickory County,94789
MO,Holt County,98467
MO,Howard County,120963
MO,Howell County,107400
MO,Iron County,87328
MO,Jackson County,156401
MO,Jasper County,119428
MO,Jefferson County,172515
MO,Johnson County,154479
MO,Knox County,76084
MO,Laclede County,118434
MO,Lafayette County,134749
MO,Lawrence County,102986
MO,Lewis County,89850
MO,Lincoln County,163597
MO,Linn County,84491
MO,Livingston County,111393
MO,McDonald County,104065
MO,Macon County,93528
MO,Madison County,104878
MO,Maries County,129048
MO,Marion County,119275
MO,Mercer County,86698
MO,Miller County,132936
MO,Mississippi County,77135
MO,Moniteau County,123885
MO,Monroe County,108346
MO,Montgomery County,110658
MO,Morgan County,121482
MO,New Madrid County,78291
MO,Newton County,123937
MO,Nodaway County,123794
MO,Oregon County,91637
MO,Osage County,147009
MO,Ozark County,96471
MO,Pemiscot County,77029
MO,Perry County,138611
MO,Pettis County,117068
MO,Phelps County,132516
MO,Pike County,111919
MO,Platte County,240702
MO,Polk County,130128
MO,Pulaski County,148910
MO,Putnam County,88799
MO,Ralls County,132411
MO,Randolph County,98573
MO,Ray County,142553
MO,Reynolds County,94894
MO,Ripley County,92267
MO,St. Charles County,233665
MO,St. Clair County,82494
MO,Ste. Genevieve County,156371
MO,St. Francois County,131045
MO,St. Louis County,209460
MO,Saline County,101620
MO,Schuyler County,76189
MO,Scotland County,86172
MO,Scott County,108556
MO,Shannon County,106559
MO,Shelby County,73877
MO,Stoddard County,95945
MO,Stone County,168771
MO,Sullivan County,81653
MO,Taney County,130729
MO,Texas County,111183
MO,Vernon County,102040
MO,Warren County,176337
MO,Washington County,95971
MO,Wayne County,76399
MO,Webster County,130022
MO,Worth County,63683
MO,Wright County,94054
MO,St. Louis city,150114
MT,Beaverhead County,211039
MT,Big Horn County,109574
MT,Blaine County,94014
MT,Broadwater County,213669
MT,Carbon County,232882
MT,Carter County,107273
MT,Cascade County,182397
MT,Chouteau County,134776
MT,Custer County,172031
MT,Daniels County,135324
MT,Dawson County,169072
MT,Deer Lodge County,127873
MT,Fallon County,168963
MT,Fergus County,146500
MT,Flathead County,296397
MT,Gallatin County,377592
MT,Garfield County,127434
MT,Glacier County,115053
MT,Golden Valley County,107711
MT,Granite County,239857
MT,Hill County,140255
MT,Jefferson County,289275
MT,Judith Basin County,151760
MT,Lake County,245555
MT,Lewis and Clark County,267579
MT,Liberty County,118340
MT,Lincoln County,192302
MT,McCone County,122613
MT,Madison County,276345
MT,Meagher County,149349
MT,Mineral County,175099
MT,Missoula County,317097
MT,Musselshell County,176852
MT,Park County,258156
MT,Petroleum County,122723
MT,Phillips County,129078
MT,Pondera County,133790
MT,Powder River County,121517
MT,Powell County,154499
MT,Prairie County,110341
MT,Ravalli County,270209
MT,Richland County,233392
MT,Roosevelt County,127544
MT,Rosebud County,129955
MT,Sanders County,224626
MT,Sheridan County,160526
MT,Silver Bow County,146610
MT,Stillwater County,246760
MT,Sweet Grass County,247527
MT,Teton County,171593
MT,Toole County,137186
MT,Treasure County,115600
MT,Valley County,148582
MT,Wheatland County,97849
MT,Wibaux County,120641
MT,Yellowstone County,230936
NE,Adams County,122156
NE,Antelope County,83168
NE,Arthur County,107536
NE,Banner County,145358
NE,Blaine County,91008
NE,Boone County,111879
NE,Box Butte County,111668
NE,Boyd County,67594
NE,Brown County,84969
NE,Buffalo County,170786
NE,Burt County,97047
NE,Butler County,118130
NE,Cass County,180475
NE,Cedar County,120355
NE,Chase County,116435
NE,Cherry County,126924
NE,Cheyenne County,120885
NE,Clay County,90054
NE,Colfax County,99907
NE,Cuming County,119931
NE,Custer County,98318
NE,Dakota County,125144
NE,Dawes County,113892
NE,Dawson County,107006
NE,Deuel County,80837
NE,Dixon County,94180
NE,Dodge County,126712
NE,Douglas County,181995
NE,Dundy County,78294
NE,Fillmore County,80625
NE,Franklin County,65687
NE,Frontier County,104039
NE,Furnas County,69183
NE,Gage County,115270
NE,Garden County,86664
NE,Garfield County,101815
NE,Gosper County,123216
NE,Grant County,58588
NE,Greeley County,73527
NE,Hall County,144617
NE,Hamilton County,144299
NE,Harlan County,88147
NE,Hayes County,82108
NE,Hitchcock County,61873
NE,Holt County,109019
NE,Hooker County,90902
NE,Howard County,126712
NE,Jefferson County,79990
NE,Johnson County,87088
NE,Kearney County,136247
NE,Keith County,114846
NE,Keya Paha County,76281
NE,Kimball County,88147
NE,Knox County,90160
NE,Lancaster County,195190
NE,Lincoln County,138578
NE,Logan County,117495
NE,Loup County,168561
NE,McPherson County,145676
NE,Madison County,133598
NE,Merrick County,96305
NE,Morrill County,92597
NE,Nance County,85181
NE,Nemaha County,121415
NE,Nuckolls County,66005
NE,Otoe County,138472
NE,Pawnee County,75328
NE,Perkins County,111879
NE,Phelps County,127136
NE,Pierce County,108701
NE,Platte County,144723
NE,Polk County,106158
NE,Red Willow County,96941
NE,Richardson County,73421
NE,Rock County,88677
NE,Saline County,100649
NE,Sarpy County,212509
NE,Saunders County,173091
NE,Scotts Bluff County,123534
NE,Seward County,173756
NE,Sheridan County,75116
NE,Sherman County,90478
NE,Sioux County,109337
NE,Stanton County,118554
NE,Thayer County,71514
NE,Thomas County,87194
NE,Thurston County,83804
NE,Valley County,98212
NE,Washington County,198066
NE,Wayne County,140909
NE,Webster County,80095
NE,Wheeler County,110502
NE,York County,136035
NV,Churchill County,192251
NV,Clark County,300249
NV,Douglas County,354032
NV,Elko County,225221
NV,Esmeralda County,83563
NV,Eureka County,94477
NV,Humboldt County,185884
NV,Lander County,172696
NV,Lincoln County,151095
NV,Lyon County,179631
NV,Mineral County,103345
NV,Nye County,142227
NV,Pershing County,114941
NV,Storey County,214644
NV,Washoe County,379957
NV,White Pine County,148480
NV,Carson City,252856
NH,Belknap County,236147
NH,Carroll County,243862
NH,Cheshire County,214611
NH,Coos County,132002
NH,Grafton County,232826
NH,Hillsborough County,301976
NH,Merrimack County,248040
NH,Rockingham County,352626
NH,Strafford County,264981
NH,Sullivan County,183325
NJ,Atlantic County,221890
NJ,Bergen County,498038
NJ,Burlington County,264665
NJ,Camden County,214310
NJ,Cape May County,302192
NJ,Cumberland County,161596
NJ,Essex County,401777
NJ,Gloucester County,240516
NJ,Hudson County,400082
NJ,Hunterdon County,429098
NJ,Mercer County,303427
NJ,Middlesex County,360794
NJ,Monmouth County,446571
NJ,Morris County,489672
NJ,Ocean County,296091
NJ,Passaic County,353805
NJ,Salem County,208787
NJ,Somerset County,449960
NJ,Sussex County,284336
NJ,Union County,391081
NJ,Warren County,290944
NM,Bernalillo County,206291
NM,Catron County,168761
NM,Chaves County,123136
NM,Cibola County,92070
NM,Colfax County,108577
NM,Curry County,134517
NM,De Baca County,69412
NM,Doña Ana County,151870
NM,Eddy County,146718
NM,Grant County,128468
NM,Guadalupe County,83150
NM,Harding County,69514
NM,Hidalgo County,83253
NM,Lea County,152254
NM,Lincoln County,176246
NM,Los Alamos County,292513
NM,Luna County,85919
NM,McKinley County,74128
NM,Mora County,111858
NM,Otero County,120983
NM,Quay County,74025
NM,Rio Arriba County,171325
NM,Roosevelt County,117190
NM,Sandoval County,207125
NM,San Juan County,150763
NM,San Miguel County,136260
NM,Santa Fe County,318544
NM,Sierra County,102118
NM,Socorro County,105604
NM,Taos County,223922
NM,Torrance County,116377
NM,Union County,91763
NM,Valencia County,136590
NY,Albany County,236877
NY,Allegany County,78265
NY,Bronx County,423909
NY,Broome County,119138
NY,Cattaraugus County,94281
NY,Cayuga County,129089
NY,Chautauqua County,93427
NY,Chemung County,124406
NY,Chenango County,102396
NY,Clinton County,146173
NY,Columbia County,239813
NY,Cortland County,121615
NY,Delaware County,147347
NY,Erie County,167643
NY,Essex County,156850
NY,Franklin County,109122
NY,Fulton County,114888
NY,Genesee County,119479
NY,Greene County,188028
NY,Hamilton County,175108
NY,Herkimer County,103617
NY,Jefferson County,158345
NY,Kings County,743191
NY,Lewis County,129943
NY,Livingston County,146002
NY,Madison County,154024
NY,Monroe County,159383
NY,Montgomery County,106667
NY,Nassau County,518794
NY,New York County,1033669
NY,Niagara County,136586
NY,Oneida County,134118
NY,Onondaga County,154975
NY,Ontario County,179238
NY,Orleans County,101004
NY,Oswego County,109127
NY,Otsego County,151511
NY,Putnam County,380915
NY,Queens County,577991
NY,Rensselaer County,204528
NY,Richmond County,530866
NY,Rockland County,464998
NY,St. Lawrence County,100687
NY,Saratoga County,269852
NY,Schenectady County,171553
NY,Schoharie County,149535
NY,Schuyler County,122469
NY,Seneca County,105065
NY,Steuben County,104104
NY,Suffolk County,417873
NY,Sullivan County,189523
NY,Tioga County,117886
NY,Tompkins County,206347
NY,Ulster County,249371
NY,Warren County,201549
NY,Washington County,150384
NY,Wayne County,134887
NY,Westchester County,580109
NY,Wyoming County,115849
NY,Yates County,137631
NC,Alamance County,163649
NC,Alexander County,143639
NC,Alleghany County,145534
NC,Anson County,92065
NC,Ashe County,160837
NC,Avery County,148531
NC,Beaufort County,132265
NC,Bertie County,84431
NC,Bladen County,95775
NC,Brunswick County,233052
NC,Buncombe County,264986
NC,Burke County,136337
NC,Cabarrus County,228787
NC,Caldwell County,130561
NC,Camden County,238099
NC,Carteret County,218837
NC,Caswell County,112040
NC,Catawba County,156063
NC,Chatham County,305573
NC,Cherokee County,155701
NC,Chowan County,137295
NC,Clay County,165438
NC,Cleveland County,120387
NC,Columbus County,91173
NC,Craven County,170789
NC,Cumberland County,137345
NC,Currituck County,253614
NC,Dare County,304980
NC,Davidson County,149815
NC,Davie County,185124
NC,Duplin County,95025
NC,Durham County,250275
NC,Edgecombe County,88814
NC,Forsyth County,170423
NC,Franklin County,170876
NC,Gaston County,155531
NC,Gates County,152490
NC,Graham County,133549
NC,Granville County,156343
NC,Greene County,90370
NC,Guilford County,177609
NC,Halifax County,92564
NC,Harnett County,161265
NC,Haywood County,194132
NC,Henderson County,233311
NC,Hertford County,92885
NC,Hoke County,138553
NC,Hyde County,86679
NC,Iredell County,203488
NC,Jackson County,189623
NC,Johnston County,172173
NC,Jones County,99199
NC,Lee County,148103
NC,Lenoir County,100055
NC,Lincoln County,185010
NC,McDowell County,118140
NC,Macon County,173357
NC,Madison County,190048
NC,Martin County,88926
NC,Mecklenburg County,257495
NC,Mitchell County,150457
NC,Montgomery County,113324
NC,Moore County,250191
NC,Nash County,139247
NC,New Hanover County,263828
NC,Northampton County,87642
NC,Onslow County,160548
NC,Orange County,308107
NC,Pamlico County,161158
NC,Pasquotank County,170040
NC,Pender County,181831
NC,Perquimans County,177103
NC,Person County,130535
NC,Pitt County,159017
NC,Polk County,219907
NC,Randolph County,134637
NC,Richmond County,85609
NC,Robeson County,82505
NC,Rockingham County,128267
NC,Rowan County,142992
NC,Rutherford County,133228
NC,Sampson County,93848
NC,Scotland County,91173
NC,Stanly County,142324
NC,Stokes County,134923
NC,Surry County,134084
NC,Swain County,130874
NC,Transylvania County,216269
NC,Tyrrell County,121029
NC,Union County,255516
NC,Vance County,102195
NC,Wake County,298303
NC,Warren County,100483
NC,Washington County,92029
NC,Watauga County,257575
NC,Wayne County,130038
NC,Wilkes County,144892
NC,Wilson County,131944
NC,Yadkin County,138625
NC,Yancey County,149601
ND,Adams County,147510
ND,Barnes County,119311
ND,Benson County,70141
ND,Billings County,188637
ND,Bottineau County,143030
ND,Bowman County,152294
ND,Burke County,117377
ND,Burleigh County,269916
ND,Cass County,229846
ND,Cavalier County,97220
ND,Dickey County,112388
ND,Divide County,153516
ND,Dunn County,171840
ND,Eddy County,75536
ND,Emmons County,93861
ND,Foster County,127862
ND,Golden Valley County,122059
ND,Grand Forks County,205312
ND,Grant County,81237
ND,Griggs County,93453
ND,Hettinger County,110149
ND,Kidder County,106280
ND,LaMoure County,92741
ND,Logan County,80423
ND,McHenry County,118802
ND,McIntosh County,73602
ND,McKenzie County,217447
ND,McLean County,162169
ND,Mercer County,169193
ND,Morton County,190362
ND,Mountrail County,172858
ND,Nelson County,80117
ND,Oliver County,174894
ND,Pembina County,87040
ND,Pierce County,112388
ND,Ramsey County,132748
ND,Ransom County,122772
ND,Renville County,128167
ND,Richland County,118089
ND,Rolette County,75027
ND,Sargent County,98136
ND,Sheridan County,86429
ND,Sioux County,77674
ND,Slope County,90908
ND,Stark County,232310
ND,Steele County,73297
ND,Stutsman County,133257
ND,Towner County,74315
ND,Traill County,129491
ND,Walsh County,85207
ND,Ward County,210321
ND,Wells County,85716
ND,Williams County,243203
OH,Adams County,105189
OH,Allen County,128665
OH,Ashland County,130950
OH,Ashtabula County,121719
OH,Athens County,165727
OH,Auglaize County,153598
OH,Belmont County,120458
OH,Brown County,127936
OH,Butler County,181008
OH,Carroll County,125718
OH,Champaign County,135995
OH,Clark County,132014
OH,Clermont County,174213
OH,Clinton County,132775
OH,Columbiana County,109483
OH,Coshocton County,102506
OH,Crawford County,91880
OH,Cuyahoga County,141414
OH,Darke County,121504
OH,Defiance County,120968
OH,Delaware County,329070
OH,Fairfield County,204107
OH,Fayette County,116889
OH,Franklin County,189199
OH,Fulton County,143997
OH,Gallia County,110771
OH,Geauga County,278318
OH,Greene County,188255
OH,Guernsey County,110663
OH,Hamilton County,163533
OH,Hancock County,143294
OH,Hardin County,102399
OH,Harrison County,95100
OH,Henry County,124724
OH,Highland County,115708
OH,Hocking County,127086
OH,Holmes County,197284
OH,Huron County,127515
OH,Jackson County,100788
OH,Jefferson County,102791
OH,Knox County,149090
OH,Lake County,169332
OH,Lawrence County,102895
OH,Licking County,185691
OH,Logan County,136531
OH,Lorain County,154192
OH,Lucas County,124327
OH,Madison County,171770
OH,Mahoning County,109856
OH,Marion County,105404
OH,Medina County,213893
OH,Meigs County,93812
OH,Mercer County,148016
OH,Miami County,161597
OH,Monroe County,104545
OH,Montgomery County,129983
OH,Morgan County,97139
OH,Morrow County,152806
OH,Muskingum County,120646
OH,Noble County,97998
OH,Ottawa County,155436
OH,Paulding County,99286
OH,Perry County,110019
OH,Pickaway County,166618
OH,Pike County,107443
OH,Portage County,169260
OH,Preble County,128771
OH,Putnam County,157999
OH,Richland County,113728
OH,Ross County,131916
OH,Sandusky County,120109
OH,Scioto County,108517
OH,Seneca County,105833
OH,Shelby County,147909
OH,Stark County,142416
OH,Summit County,155498
OH,Trumbull County,109339
OH,Tuscarawas County,136424
OH,Union County,203887
OH,Van Wert County,106263
OH,Vinton County,91987
OH,Warren County,230306
OH,Washington County,119199
OH,Wayne County,160575
OH,Williams County,101110
OH,Wood County,184834
OH,Wyandot County,118714
OK,Adair County,83023
OK,Alfalfa County,76173
OK,Atoka County,100609
OK,Beaver County,108891
OK,Beckham County,119729
OK,Blaine County,85681
OK,Bryan County,101120
OK,Caddo County,83739
OK,Canadian County,174308
OK,Carter County,111447
OK,Cherokee County,113799
OK,Choctaw County,90794
OK,Cimarron County,58689
OK,Cleveland County,170332
OK,Coal County,89771
OK,Comanche County,144256
OK,Cotton County,79342
OK,Craig County,98258
OK,Creek County,141560
OK,Custer County,130465
OK,Delaware County,112470
OK,Dewey County,88647
OK,Ellis County,85579
OK,Garfield County,106335
OK,Garvin County,95497
OK,Grady County,122622
OK,Grant County,78115
OK,Greer County,67277
OK,Harmon County,50816
OK,Harper County,78013
OK,Haskell County,89464
OK,Hughes County,70958
OK,Jackson County,99996
OK,Jefferson County,61040
OK,Johnston County,81285
OK,Kay County,85988
OK,Kingfisher County,139258
OK,Kiowa County,63903
OK,Latimer County,82921
OK,Le Flore County,93289
OK,Lincoln County,108184
OK,Logan County,160183
OK,Love County,96724
OK,McClain County,174099
OK,McCurtain County,79751
OK,McIntosh County,97440
OK,Major County,96110
OK,Marshall County,88544
OK,Mayes County,109096
OK,Murray County,109505
OK,Muskogee County,109402
OK,Noble County,96928
OK,Nowata County,83432
OK,Okfuskee County,80876
OK,Oklahoma County,159346
OK,Okmulgee County,84202
OK,Osage County,115450
OK,Ottawa County,86193
OK,Pawnee County,91752
OK,Payne County,159911
OK,Pittsburg County,100609
OK,Pontotoc County,123001
OK,Pottawatomie County,121569
OK,Pushmataha County,75048
OK,Roger Mills County,108482
OK,Rogers County,165153
OK,Seminole County,72799
OK,Sequoyah County,98959
OK,Stephens County,106335
OK,Texas County,111754
OK,Tillman County,55315
OK,Tulsa County,163161
OK,Wagoner County,168404
OK,Washington County,115128
OK,Washita County,82001
OK,Woods County,95190
OK,Woodward County,125762
OR,Baker County,160150
OR,Benton County,383621
OR,Clackamas County,436075
OR,Clatsop County,279272
OR,Columbia County,240909
OR,Coos County,195017
OR,Crook County,205907
OR,Curry County,243414
OR,Deschutes County,404646
OR,Douglas County,220646
OR,Gilliam County,121982
OR,Grant County,170929
OR,Harney County,123082
OR,Hood River County,373316
OR,Jackson County,320426
OR,Jefferson County,196117
OR,Josephine County,305780
OR,Klamath County,197217
OR,Lake County,135401
OR,Lane County,289823
OR,Lincoln County,250454
OR,Linn County,237695
OR,Malheur County,140461
OR,Marion County,275126
OR,Morrow County,144751
OR,Multnomah County,424963
OR,Polk County,292846
OR,Sherman County,158390
OR,Tillamook County,256833
OR,Umatilla County,189188
OR,Union County,189298
OR,Wallowa County,239344
OR,Wasco County,210526
OR,Washington County,425071
OR,Wheeler County,152120
OR,Yamhill County,333044
PA,Adams County,212208
PA,Allegheny County,164199
PA,Armstrong County,122374
PA,Beaver County,147940
PA,Bedford County,132226
PA,Berks County,183100
PA,Blair County,133523
PA,Bradford County,151830
PA,Bucks County,353790
PA,Butler County,224851
PA,Cambria County,91196
PA,Cameron County,76958
PA,Carbon County,162004
PA,Centre County,237310
PA,Chester County,384436
PA,Clarion County,114602
PA,Clearfield County,100733
PA,Clinton County,130036
PA,Columbia County,158191
PA,Crawford County,119504
PA,Cumberland County,211066
PA,Dauphin County,181122
PA,Delaware County,265207
PA,Elk County,101255
PA,Erie County,139964
PA,Fayette County,108040
PA,Forest County,94894
PA,Franklin County,189788
PA,Fulton County,162675
PA,Greene County,113247
PA,Huntingdon County,127116
PA,Indiana County,125343
PA,Jefferson County,100838
PA,Juniata County,149744
PA,Lackawanna County,159821
PA,Lancaster County,215850
PA,Lawrence County,120129
PA,Lebanon County,179697
PA,Lehigh County,226100
PA,Luzerne County,131218
PA,Lycoming County,169110
PA,McKean County,80399
PA,Mercer County,127959
PA,Mifflin County,108137
PA,Monroe County,171017
PA,Montgomery County,342094
PA,Montour County,181237
PA,Northampton County,226849
PA,Northumberland County,120859
PA,Perry County,171106
PA,Philadelphia County,179981
PA,Pike County,194217
PA,Potter County,108137
PA,Schuylkill County,106260
PA,Snyder County,161424
PA,Somerset County,114707
PA,Sullivan County,154854
PA,Susquehanna County,165908
PA,Tioga County,145365
PA,Union County,179568
PA,Venango County,88637
PA,Warren County,96145
PA,Washington County,183026
PA,Wayne County,182071
PA,Westmoreland County,161739
PA,Wyoming County,170678
PA,York County,187621
RI,Bristol County,370301
RI,Kent County,251171
RI,Newport County,422705
RI,Providence County,250303
RI,Washington County,368239
SC,Abbeville County,98663
SC,Aiken County,154306
SC,Allendale County,55511
SC,Anderson County,156986
SC,Bamberg County,70108
SC,Barnwell County,81189
SC,Beaufort County,325289
SC,Berkeley County,197493
SC,Calhoun County,109767
SC,Charleston County,353561
SC,Cherokee County,100474
SC,Chester County,97784
SC,Chesterfield County,86516
SC,Clarendon County,95786
SC,Colleton County,90139
SC,Darlington County,88109
SC,Dillon County,71600
SC,Dorchester County,218260
SC,Edgefield County,131256
SC,Fairfield County,106809
SC,Florence County,133657
SC,Georgetown County,190294
SC,Greenville County,200691
SC,Greenwood County,137872
SC,Hampton County,80337
SC,Horry County,191044
SC,Jasper County,139257
SC,Kershaw County,126037
SC,Lancaster County,206458
SC,Laurens County,95777
SC,Lee County,74370
SC,Lexington County,168507
SC,McCormick County,124234
SC,Marion County,80763
SC,Marlboro County,64461
SC,Newberry County,106228
SC,Oconee County,171328
SC,Orangeburg County,98876
SC,Pickens County,170417
SC,Richland County,177699
SC,Saluda County,98358
SC,Spartanburg County,151750
SC,Sumter County,141754
SC,Union County,80550
SC,Williamsburg County,72878
SC,York County,219328
SD,Aurora County,75491
SD,Beadle County,109426
SD,Bennett County,72046
SD,Bon Homme County,83949
SD,Brookings County,172388
SD,Brown County,159649
SD,Brule County,122269
SD,Buffalo County,53669
SD,Butte County,129369
SD,Campbell County,68809
SD,Charles Mix County,93868
SD,Clark County,84680
SD,Clay County,152862
SD,Codington County,173850
SD,Corson County,55653
SD,Custer County,211543
SD,Davison County,147224
SD,Day County,89796
SD,Deuel County,117675
SD,Dewey County,68600
SD,Douglas County,84367
SD,Edmunds County,119032
SD,Fall River County,121851
SD,Faulk County,89483
SD,Grant County,120912
SD,Gregory County,71628
SD,Haakon County,81547
SD,Hamlin County,122582
SD,Hand County,120181
SD,Hanson County,126654
SD,Harding County,85933
SD,Hughes County,181054
SD,Hutchinson County,84889
SD,Hyde County,91989
SD,Jackson County,58263
SD,Jerauld County,81130
SD,Jones County,81130
SD,Kingsbury County,110575
SD,Lake County,162051
SD,Lawrence County,197552
SD,Lincoln County,226497
SD,Lyman County,85306
SD,McCook County,130368
SD,McPherson County,56906
SD,Marshall County,111410
SD,Meade County,178968
SD,Mellette County,47300
SD,Miner County,85620
SD,Minnehaha County,205651
SD,Moody County,124148
SD,Pennington County,204049
SD,Perkins County,77580
SD,Potter County,85202
SD,Roberts County,99924
SD,Sanborn County,76013
SD,Spink County,80712
SD,Stanley County,165288
SD,Sully County,127698
SD,Todd County,40199
SD,Tripp County,89587
SD,Turner County,119243
SD,Union County,173417
SD,Walworth County,86037
SD,Yankton County,146597
SD,Ziebach County,59620
TN,Anderson County,167064
TN,Bedford County,141204
TN,Benton County,96568
TN,Bledsoe County,141095
TN,Blount County,188916
TN,Bradley County,174880
TN,Campbell County,100922
TN,Cannon County,168805
TN,Carroll County,94499
TN,Carter County,121614
TN,Cheatham County,189600
TN,Chester County,122803
TN,Claiborne County,111809
TN,Clay County,98310
TN,Cocke County,116709
TN,Coffee County,128467
TN,Crockett County,105277
TN,Cumberland County,153289
TN,Davidson County,278228
TN,Decatur County,99943
TN,DeKalb County,142729
TN,Dickson County,162689
TN,Dyer County,106801
TN,Fayette County,199748
TN,Fentress County,112898
TN,Franklin County,131297
TN,Gibson County,103209
TN,Giles County,131079
TN,Grainger County,119816
TN,Greene County,125963
TN,Grundy County,89709
TN,Hamblen County,142132
TN,Hamilton County,190932
TN,Hancock County,90906
TN,Hardeman County,92975
TN,Hardin County,116926
TN,Hawkins County,120558
TN,Haywood County,113551
TN,Henderson County,100922
TN,Henry County,105604
TN,Hickman County,116540
TN,Houston County,103318
TN,Humphreys County,112136
TN,Jackson County,117253
TN,Jefferson County,148090
TN,Johnson County,124221
TN,Knox County,193975
TN,Lake County,81761
TN,Lauderdale County,88185
TN,Lawrence County,107564
TN,Lewis County,96132
TN,Lincoln County,127922
TN,Loudon County,207754
TN,McMinn County,134672
TN,McNairy County,95261
TN,Macon County,124213
TN,Madison County,141580
TN,Marion County,130519
TN,Marshall County,129882
TN,Maury County,205329
TN,Meigs County,128902
TN,Monroe County,125418
TN,Montgomery County,186688
TN,Moore County,180724
TN,Morgan County,99725
TN,Obion County,95370
TN,Overton County,124874
TN,Perry County,91668
TN,Pickett County,141204
TN,Polk County,116762
TN,Putnam County,174627
TN,Rhea County,124329
TN,Roane County,147954
TN,Robertson County,191602
TN,Rutherford County,240864
TN,Scott County,94390
TN,Sequatchie County,148718
TN,Sevier County,202389
TN,Shelby County,160446
TN,Smith County,134221
TN,Stewart County,145251
TN,Sullivan County,149182
TN,Sumner County,265106
TN,Tipton County,153752
TN,Trousdale County,142339
TN,Unicoi County,128618
TN,Union County,122930
TN,Van Buren County,103426
TN,Warren County,118233
TN,Washington County,172446
TN,Wayne County,104951
TN,Weakley County,102664
TN,White County,106366
TN,Williamson County,501967
TN,Wilson County,289348
TX,Anderson County,98602
TX,Andrews County,135336
TX,Angelina County,119976
TX,Aransas County,165668
TX,Archer County,129170
TX,Armstrong County,134097
TX,Atascosa County,103529
TX,Austin County,188563
TX,Bailey County,73038
TX,Bandera County,178725
TX,Bastrop County,195584
TX,Baylor County,72179
TX,Bee County,84316
TX,Bell County,163523
TX,Bexar County,172476
TX,Blanco County,247901
TX,Borden County,114821
TX,Bosque County,114606
TX,Bowie County,138825
TX,Brazoria County,210088
TX,Brazos County,203708
TX,Brewster County,121802
TX,Briscoe County,70568
TX,Brooks County,66486
TX,Brown County,102146
TX,Burleson County,106343
TX,Burnet County,183778
TX,Caldwell County,134389
TX,Calhoun County,117485
TX,Callahan County,81018
TX,Cameron County,93577
TX,Camp County,89794
TX,Carson County,112408
TX,Cass County,92587
TX,Castro County,86250
TX,Chambers County,184581
TX,Cherokee County,105476
TX,Childress County,87002
TX,Clay County,89678
TX,Cochran County,35767
TX,Coke County,87861
TX,Coleman County,70783
TX,Collin County,354363
TX,Collingsworth County,59935
TX,Colorado County,125347
TX,Comal County,304123
TX,Comanche County,96239
TX,Concho County,117936
TX,Cooke County,155422
TX,Coryell County,127975
TX,Cottle County,48012
TX,Crane County,87539
TX,Crockett County,86572
TX,Crosby County,60734
TX,Culberson County,61223
TX,Dallam County,82705
TX,Dallas County,191696
TX,Dawson County,71320
TX,Deaf Smith County,94520
TX,Delta County,80074
TX,Denton County,307370
TX,DeWitt County,107410
TX,Dickens County,58216
TX,Dimmit County,70031
TX,Donley County,69924
TX,Duval County,52094
TX,Eastland County,64231
TX,Ector County,171672
TX,Edwards County,78194
TX,Ellis County,208565
TX,El Paso County,127341
TX,Erath County,137806
TX,Falls County,67668
TX,Fannin County,105476
TX,Fayette County,170459
TX,Fisher County,64983
TX,Floyd County,64983
TX,Foard County,50912
TX,Fort Bend County,284136
TX,Franklin County,139955
TX,Freestone County,92480
TX,Frio County,81524
TX,Gaines County,119225
TX,Galveston County,222143
TX,Garza County,83242
TX,Gillespie County,289898
TX,Glasscock County,207945
TX,Goliad County,133845
TX,Gonzales County,99783
TX,Gray County,77013
TX,Grayson County,155203
TX,Gregg County,145007
TX,Grimes County,118258
TX,Guadalupe County,204688
TX,Hale County,86142
TX,Hall County,52308
TX,Hamilton County,116539
TX,Hansford County,100428
TX,Hardeman County,41245
TX,Hardin County,124521
TX,Harris County,187271
TX,Harrison County,152199
TX,Hartley County,157785
TX,Haskell County,52845
TX,Hays County,253426
TX,Hemphill County,140384
TX,Henderson County,124595
TX,Hidalgo County,89232
TX,Hill County,100643
TX,Hockley County,88398
TX,Hood County,183455
TX,Hopkins County,104402
TX,Houston County,86142
TX,Howard County,92050
TX,Hudspeth County,47368
TX,Hunt County,150399
TX,Hutchinson County,81094
TX,Irion County,155141
TX,Jack County,87431
TX,Jackson County,103865
TX,Jasper County,104617
TX,Jeff Davis County,119547
TX,Jefferson County,118026
TX,Jim Hogg County,66379
TX,Jim Wells County,79268
TX,Johnson County,168911
TX,Jones County,77417
TX,Karnes County,101072
TX,Kaufman County,199692
TX,Kendall County,320714
TX,Kent County,75724
TX,Kerr County,176152
TX,Kimble County,115143
TX,King County,41675
TX,Kinney County,68957
TX,Kleberg County,93231
TX,Knox County,47690
TX,Lamar County,94628
TX,Lamb County,67346
TX,Lampasas County,151970
TX,La Salle County,76046
TX,Lavaca County,153918
TX,Lee County,148547
TX,Leon County,109880
TX,Liberty County,106766
TX,Limestone County,91083
TX,Lipscomb County,99246
TX,Live Oak County,91191
TX,Llano County,198171
TX,Loving County,99354
TX,Lubbock County,145444
TX,Lynn County,82491
TX,McCulloch County,88076
TX,McLennan County,155589
TX,McMullen County,80235
TX,Madison County,109235
TX,Marion County,95165
TX,Martin County,129428
TX,Mason County,167989
TX,Matagorda County,109773
TX,Maverick County,102146
TX,Medina County,144790
TX,Menard County,65305
TX,Midland County,230806
TX,Milam County,95057
TX,Mills County,119439
TX,Mitchell County,70568
TX,Montague County,115036
TX,Montgomery County,253354
TX,Moore County,114284
TX,Morris County,88398
TX,Motley County,61546
TX,Nacogdoches County,152092
TX,Navarro County,95487
TX,Newton County,78731
TX,Nolan County,70998
TX,Nueces County,144503
TX,Ochiltree County,109987
TX,Oldham County,93446
TX,Orange County,117916
TX,Palo Pinto County,95165
TX,Panola County,104402
TX,Parker County,236717
TX,Parmer County,92587
TX,Pecos County,73683
TX,Polk County,91191
TX,Potter County,95098
TX,Presidio County,54457
TX,Rains County,122447
TX,Randall County,181334
TX,Reagan County,94950
TX,Real County,112887
TX,Red River County,70031
TX,Reeves County,56820
TX,Refugio County,86787
TX,Roberts County,145755
TX,Robertson County,100358
TX,Rockwall County,291816
TX,Runnels County,82168
TX,Rusk County,117186
TX,Sabine County,98924
TX,San Augustine County,87968
TX,San Jacinto County,103215
TX,San Patricio County,126050
TX,San Saba County,104187
TX,Schleicher County,78302
TX,Scurry County,96454
TX,Shackelford County,84746
TX,Shelby County,78516
TX,Sherman County,93231
TX,Smith County,167706
TX,Somervell County,184959
TX,Starr County,72179
TX,Stephens County,78839
TX,Sterling County,70998
TX,Stonewall County,57679
TX,Sutton County,102576
TX,Swisher County,76046
TX,Tarrant County,203964
TX,Taylor County,129311
TX,Terrell County,71535
TX,Terry County,73038
TX,Throckmorton County,73683
TX,Titus County,103435
TX,Tom Green County,148783
TX,Travis County,347488
TX,Trinity County,80879
TX,Tyler County,87539
TX,Upshur County,117608
TX,Upton County,67561
TX,Uvalde County,83565
TX,Val Verde County,101502
TX,Van Zandt County,120943
TX,Victoria County,143456
TX,Walker County,167989
TX,Waller County,169620
TX,Ward County,91943
TX,Washington County,175507
TX,Webb County,138809
TX,Wharton County,124273
TX,Wheeler County,92909
TX,Wichita County,103562
TX,Wilbarger County,75079
TX,Willacy County,52738
TX,Williamson County,294619
TX,Wilson County,183788
TX,Winkler County,62512
TX,Wise County,176141
TX,Wood County,125669
TX,Yoakum County,87968
TX,Young County,93983
TX,Zapata County,65198
TX,Zavala County,42856
UT,Beaver County,161460
UT,Box Elder County,196865
UT,Cache County,238659
UT,Carbon County,142387
UT,Daggett County,222405
UT,Davis County,320787
UT,Duchesne County,195221
UT,Emery County,149293
UT,Garfield County,182287
UT,Grand County,253097
UT,Iron County,200702
UT,Juab County,198747
UT,Kane County,208484
UT,Millard County,164748
UT,Morgan County,352775
UT,Piute County,157624
UT,Rich County,175819
UT,Salt Lake County,339715
UT,San Juan County,149731
UT,Sanpete County,185685
UT,Sevier County,167489
UT,Summit County,628648
UT,Tooele County,252225
UT,Uintah County,213526
UT,Utah County,336785
UT,Wasatch County,391648
UT,Washington County,311958
UT,Wayne County,192700
UT,Weber County,250686
VT,Addison County,247640
VT,Bennington County,217965
VT,Caledonia County,171885
VT,Chittenden County,309038
VT,Essex County,134687
VT,Franklin County,219945
VT,Grand Isle County,288948
VT,Lamoille County,235311
VT,Orange County,196754
VT,Orleans County,168333
VT,Rutland County,185573
VT,Washington County,226951
VT,Windham County,221518
VT,Windsor County,226011
VA,Accomack County,160812
VA,Albemarle County,357599
VA,Alleghany County,116210
VA,Amelia County,198727
VA,Amherst County,162952
VA,Appomattox County,163167
VA,Arlington County,780073
VA,Augusta County,216564
VA,Bath County,154572
VA,Bedford County,213935
VA,Bland County,111811
VA,Botetourt County,228828
VA,Brunswick County,113448
VA,Buchanan County,73552
VA,Buckingham County,135544
VA,Campbell County,165964
VA,Caroline County,207423
VA,Carroll County,109765
VA,Charles City County,175000
VA,Charlotte County,109970
VA,Chesterfield County,258205
VA,Clarke County,353479
VA,Craig County,171413
VA,Culpeper County,272521
VA,Cumberland County,157392
VA,Dickenson County,79281
VA,Dinwiddie County,171886
VA,Essex County,181271
VA,Fairfax County,601689
VA,Fauquier County,413966
VA,Floyd County,157334
VA,Fluvanna County,242618
VA,Franklin County,183998
VA,Frederick County,243356
VA,Giles County,120902
VA,Gloucester County,232453
VA,Goochland County,351825
VA,Grayson County,97899
VA,Greene County,257935
VA,Greensville County,91454
VA,Halifax County,113346
VA,Hanover County,313067
VA,Henrico County,256595
VA,Henry County,96467
VA,Highland County,188228
VA,Isle of Wight County,258385
VA,James City County,360349
VA,King and Queen County,182515
VA,King George County,301062
VA,King William County,214402
VA,Lancaster County,232113
VA,Lee County,83577
VA,Loudoun County,539928
VA,Louisa County,228573
VA,Lunenburg County,110891
VA,Madison County,262393
VA,Mathews County,235669
VA,Mecklenburg County,128179
VA,Middlesex County,254107
VA,Montgomery County,251623
VA,Nelson County,246128
VA,New Kent County,275490
VA,Northampton County,169610
VA,Northumberland County,284285
VA,Nottoway County,137897
VA,Orange County,240604
VA,Page County,176157
VA,Patrick County,118665
VA,Powhatan County,283757
VA,Prince Edward County,158357
VA,Prince George County,227714
VA,Prince William County,401975
VA,Pulaski County,147405
VA,Rappahannock County,366839
VA,Richmond County,166950
VA,Roanoke County,204593
VA,Rockbridge County,201731
VA,Rockingham County,230336
VA,Russell County,97080
VA,Scott County,94545
VA,Shenandoah County,208687
VA,Smyth County,91659
VA,Southampton County,176770
VA,Spotsylvania County,303391
VA,Stafford County,367593
VA,Surry County,179137
VA,Sussex County,130552
VA,Tazewell County,98717
VA,Warren County,245133
VA,Washington County,143332
VA,Westmoreland County,207767
VA,Wise County,86442
VA,Wythe County,130327
VA,York County,340745
VA,Alexandria city,608268
VA,Bristol city,119200
VA,Buena Vista city,114266
VA,Charlottesville city,295482
VA,Chesapeake city,280272
VA,Colonial Heights city,175322
VA,Covington city,73859
VA,Emporia city,118358
VA,Fairfax city,532606
VA,Falls Church city,787396
VA,Franklin city,190376
VA,Fredericksburg city,362075
VA,Galax city,107924
VA,Hampton city,190962
VA,Harrisonburg city,203843
VA,Hopewell city,131411
VA,Lexington city,258302
VA,Lynchburg city,172525
VA,Manassas city,325782
VA,Manassas Park city,279409
VA,Martinsville city,92170
VA,Newport News city,199675
VA,Norfolk city,212019
VA,Norton city,94625
VA,Petersburg city,121212
VA,Poquoson city,328609
VA,Portsmouth city,181730
VA,Radford city,169579
VA,Richmond city,250368
VA,Roanoke city,141769
VA,Salem city,180982
VA,Staunton city,166234
VA,Suffolk city,261393
VA,Virginia Beach city,292823
VA,Waynesboro city,165313
VA,Williamsburg city,318443
VA,Winchester city,226345
WA,Adams County,168058
WA,Asotin County,191852
WA,Benton County,268153
WA,Chelan County,334498
WA,Clallam County,286470
WA,Clark County,355160
WA,Columbia County,180805
WA,Cowlitz County,235917
WA,Douglas County,264345
WA,Ferry County,185501
WA,Franklin County,235602
WA,Garfield County,160790
WA,Grant County,198919
WA,Grays Harbor County,189191
WA,Island County,406784
WA,Jefferson County,339918
WA,King County,636990
WA,Kitsap County,374961
WA,Kittitas County,287030
WA,Klickitat County,245099
WA,Lewis County,221282
WA,Lincoln County,168282
WA,Mason County,231122
WA,Okanogan County,189079
WA,Pacific County,182706
WA,Pend Oreille County,207976
WA,Pierce County,339291
WA,San Juan County,505740
WA,Skagit County,343892
WA,Skamania County,268097
WA,Snohomish County,461015
WA,Spokane County,252290
WA,Stevens County,206411
WA,Thurston County,324122
WA,Wahkiakum County,226538
WA,Walla Walla County,219493
WA,Whatcom County,404200
WA,Whitman County,222959
WA,Yakima County,200196
WV,Barbour County,104491
WV,Berkeley County,186036
WV,Boone County,71380
WV,Braxton County,94062
WV,Brooke County,96135
WV,Cabell County,141620
WV,Calhoun County,82498
WV,Clay County,78637
WV,Doddridge County,109344
WV,Fayette County,89209
WV,Gilmer County,94579
WV,Grant County,149302
WV,Greenbrier County,119153
WV,Hampshire County,136788
WV,Hancock County,94868
WV,Hardy County,125864
WV,Harrison County,124315
WV,Jackson County,116984
WV,Jefferson County,241206
WV,Kanawha County,111245
WV,Lewis County,101806
WV,Lincoln County,81520
WV,Logan County,88590
WV,McDowell County,35932
WV,Marion County,113680
WV,Marshall County,104355
WV,Mason County,80846
WV,Mercer County,92307
WV,Mineral County,122552
WV,Mingo County,73309
WV,Monongalia County,225498
WV,Monroe County,109137
WV,Morgan County,182401
WV,Nicholas County,91791
WV,Ohio County,120040
WV,Pendleton County,111409
WV,Pleasants County,104524
WV,Pocahontas County,121011
WV,Preston County,110877
WV,Putnam County,156578
WV,Raleigh County,104491
WV,Randolph County,103045
WV,Ritchie County,84770
WV,Roane County,95714
WV,Summers County,98192
WV,Taylor County,103458
WV,Tucker County,107692
WV,Tyler County,95405
WV,Upshur County,115539
WV,Wayne County,91845
WV,Webster County,70624
WV,Wetzel County,93649
WV,Wirt County,81263
WV,Wood County,130480
WV,Wyoming County,70108
WI,Adams County,137164
WI,Ashland County,115269
WI,Barron County,156160
WI,Bayfield County,175372
WI,Brown County,188201
WI,Buffalo County,161419
WI,Burnett County,161849
WI,Calumet County,184176
WI,Chippewa County,169305
WI,Clark County,126002
WI,Columbia County,195427
WI,Crawford County,136305
WI,Dane County,285708
WI,Dodge County,176767
WI,Door County,219698
WI,Douglas County,149386
WI,Dunn County,168181
WI,Eau Claire County,186246
WI,Florence County,142315
WI,Fond du Lac County,160653
WI,Forest County,141027
WI,Grant County,147252
WI,Green County,175587
WI,Green Lake County,149506
WI,Iowa County,186312
WI,Iron County,115054
WI,Jackson County,138881
WI,Jefferson County,205423
WI,Juneau County,128899
WI,Kenosha County,183621
WI,Kewaunee County,169207
WI,La Crosse County,184104
WI,Lafayette County,135876
WI,Langlade County,113981
WI,Lincoln County,145428
WI,Manitowoc County,132119
WI,Marathon County,157317
WI,Marinette County,125143
WI,Marquette County,154551
WI,Menominee County,91657
WI,Milwaukee County,168165
WI,Monroe County,154658
WI,Oconto County,170075
WI,Oneida County,177089
WI,Outagamie County,184395
WI,Ozaukee County,311909
WI,Pepin County,154336
WI,Pierce County,211028
WI,Polk County,169898
WI,Portage County,173869
WI,Price County,128792
WI,Racine County,192104
WI,Richland County,144247
WI,Rock County,159311
WI,Rusk County,114088
WI,St. Croix County,271290
WI,Sauk County,185139
WI,Sawyer County,173547
WI,Shawano County,145750
WI,Sheboygan County,167937
WI,Taylor County,138773
WI,Trempealeau County,157770
WI,Vernon County,159810
WI,Vilas County,221630
WI,Walworth County,218410
WI,Washburn County,157770
WI,Washington County,248821
WI,Waukesha County,299056
WI,Waupaca County,152726
WI,Waushara County,150794
WI,Winnebago County,168781
WI,Wood County,145428
WY,Albany County,233037
WY,Big Horn County,158737
WY,Campbell County,223527
WY,Carbon County,165738
WY,Converse County,206076
WY,Crook County,228857
WY,Fremont County,198238
WY,Goshen County,161872
WY,Hot Springs County,154348
WY,Johnson County,266686
WY,Laramie County,231243
WY,Lincoln County,215167
WY,Natrona County,215347
WY,Niobrara County,159364
WY,Park County,246831
WY,Platte County,177547
WY,Sheridan County,251742
WY,Sublette County,276718
WY,Sweetwater County,210047
WY,Teton County,772365
WY,Uinta County,186429
WY,Washakie County,172949
WY,Weston County,188206
